{
  "version": 1,
  "width": 85,
  "height": 25,
  "duration": 17.994093,
  "command": null,
  "title": null,
  "env": {
    "TERM": "xterm-256color",
    "SHELL": "/bin/bash"
  },
  "stdout": [
    [
      0.262635,
      "\u001b[?1034h"
    ],
    [
      0.04567,
      "\u001b[?1034h"
    ],
    [
      0.133417,
      "\u001b[?1034h"
    ],
    [
      0.004801,
      "\u001b[?1034h"
    ],
    [
      0.083711,
      "\u001b[?1034h"
    ],
    [
      0.003818,
      "\u001b[?1034h"
    ],
    [
      0.014412,
      "\u001b[?1034h"
    ],
    [
      0.000376,
      "\u001b[?1034h"
    ],
    [
      0.000367,
      "\u001b[?1034h"
    ],
    [
      0.000251,
      "\u001b[01;32mcolin@Colins-iMac\u001b[00m:\u001b[01;36m~\u001b[00m$ "
    ],
    [
      0.988084,
      "v"
    ],
    [
      0.135049,
      "i"
    ],
    [
      0.123719,
      "m"
    ],
    [
      0.168571,
      " "
    ],
    [
      0.168856,
      "w"
    ],
    [
      0.12387,
      "h"
    ],
    [
      0.112648,
      "a"
    ],
    [
      0.15708,
      "t"
    ],
    [
      0.270438,
      "ever.rb "
    ],
    [
      1.214738,
      "\r\n"
    ],
    [
      0.137694,
      "\u001b[?1049h\u001b[?1h\u001b=\u001b[2;1H▽\u001b[6n\u001b[2;1H  \u001b[1;1H"
    ],
    [
      0.001755,
      "\u001b]11;?\u0007"
    ],
    [
      0.00289,
      "\u001b[1;25r\u001b[?12;25h\u001b[?12l\u001b[?25h\u001b[27m\u001b[m\u001b[38;5;253m\u001b[H\u001b[2J\u001b[?25l\u001b[25;1H\"whatever.rb\""
    ],
    [
      8.7e-05,
      " 17L, 494C"
    ],
    [
      0.130515,
      "\u001b[>c"
    ],
    [
      0.018555,
      "\u001b[1;1H\u001b[97m\u001b[48;5;232m  1 \u001b[m\u001b[38;5;253m\u001b[38;5;92m# Place the array in a random order.  Floyd's alg.\u001b[m\u001b[38;5;253m\r\n\u001b[97m\u001b[48;5;232m  2 \u001b[m\u001b[38;5;253m\u001b[38;5;208mdef\u001b[m\u001b[38;5;253m \u001b[38;5;220mshuffle\u001b[m\u001b[38;5;253m(arr)\r\n\u001b[97m\u001b[48;5;232m  3 \u001b[m\u001b[38;5;253m    \u001b[38;5;208mfor\u001b[m\u001b[38;5;253m n \u001b[38;5;208min\u001b[m\u001b[38;5;253m \u001b[38;5;30m0\u001b[m\u001b[38;5;253m...arr.size\r\n\u001b[97m\u001b[48;5;232m  4 \u001b[m\u001b[38;5;253m\u001b[8Ctarg = n + rand(arr.size - n)\r\n\u001b[97m\u001b[48;5;232m  5 \u001b[m\u001b[38;5;253m\u001b[8Carr[n], arr[targ] = arr[targ], arr[n] \u001b[38;5;208mif\u001b[m\u001b[38;5;253m n != targ\r\n\u001b[97m\u001b[48;5;232m  6 \u001b[m\u001b[38;5;253m    \u001b[38;5;208mend\u001b[m\u001b[38;5;253m\r\n\u001b[97m\u001b[48;5;232m  7 \u001b[m\u001b[38;5;253m\u001b[38;5;208mend\u001b[m\u001b[38;5;253m\r\n\u001b[97m\u001b[48;5;232m  8 \r\n  9 \u001b[m\u001b[38;5;253m\u001b[38;5;92m# Make strange declarations.\u001b[m\u001b[38;5;253m\r\n\u001b[97m\u001b[48;5;232m 10 \u001b[m\u001b[38;5;253m\u001b[38;5;208mdef\u001b[m\u001b[38;5;253m \u001b[38;5;220mpairs\u001b[m\u001b[38;5;253m(a, b)\r\n\u001b[97m\u001b[48;5;232m 11 \u001b[m\u001b[38;5;253m    a << \u001b[38;5;82m'Insane'\u001b[m\u001b[38;5;253m\r\n\u001b[97m\u001b[48;5;232m 12 \u001b[m\u001b[38;5;253m    shuffle(b)\r\n\u001b[97m\u001b[48;5;232m 13 \u001b[m\u001b[38;5;253"
    ],
    [
      0.00014,
      "m    b.each { |\u001b[38;5;220mx\u001b[m\u001b[38;5;253m| shuffle(a); a.each { |\u001b[38;5;220my\u001b[m\u001b[38;5;253m| print y, \u001b[38;5;82m\" \"\u001b[m\u001b[38;5;253m, x, \u001b[38;5;82m\".\u001b[m\u001b[38;5;253m\u001b[38;5;40m\\n\u001b[m\u001b[38;5;253m\u001b[38;5;82m\"\u001b[m\u001b[38;5;253m } }\r\n\u001b[97m\u001b[48;5;232m 14 \u001b[m\u001b[38;5;253m\u001b[38;5;208mend\u001b[m\u001b[38;5;253m\r\n\u001b[97m\u001b[48;5;232m 15 \u001b[m\u001b[38;5;253mfirst = [\u001b[38;5;82m'Strange'\u001b[m\u001b[38;5;253m, \u001b[38;5;82m'Fresh'\u001b[m\u001b[38;5;253m, \u001b[38;5;82m'Alarming'\u001b[m\u001b[38;5;253m]\r\n\u001b[97m\u001b[48;5;232m 16 \u001b[m\u001b[38;5;253mpairs(first, [\u001b[38;5;82m'lemonade'\u001b[m\u001b[38;5;253m, \u001b[38;5;82m'procedure'\u001b[m\u001b[38;5;253m, \u001b[38;5;82m'sounds'\u001b[m\u001b[38;5;253m, \u001b[38;5;82m'throughway'\u001b[m\u001b[38;5;253m])\r\n\u001b[97m\u001b[48;5;232m 17 \u001b[m\u001b[38;5;253mprint \u001b[38;5;82m\"\u001b[m\u001b[38;5;253m\u001b[38;5;40m\\n\u001b[m\u001b[38;5;253m\u001b[38;5;82m\"\u001b[m\u001b[38;5;253m, first.join(\u001b[38;5;82m\" \"\u001b[m\u001b[38;5;253m), \u001b[38;5;82m\"\u001b[m\u001b[38;5;253m\u001b[38;5;40m\\n\u001b[m\u001b[38;5;253m\u001b[38;5;82m\"\u001b[m\u001b[38;5;253m\r\n\u001b[90m~                                                                                    \u001b[19;1H~                                                                "
    ],
    [
      0.00029,
      "                    \u001b[20;1H~                                                                                    \u001b[21;1H~                                                                                    \u001b[22;1H~                                                                                    \u001b[23;1H~                                                                                    \u001b[m\u001b[38;5;253m\u001b[24;1H\u001b[1m\u001b[30m\u001b[107m[1] whatever.rb [ruby]                                             1,1            All\u001b[1;5H\u001b[?12l\u001b[?25h"
    ],
    [
      0.911926,
      "\u001b[?25l\u001b[m\u001b[38;5;253m\u001b[25;1H\u001b[K\u001b[25;1H:"
    ],
    [
      2.3e-05,
      "\u001b[?12l\u001b[?25h"
    ],
    [
      0.236314,
      "s"
    ],
    [
      0.001015,
      "\u001b[?25l\u001b[?12l\u001b[?25h"
    ],
    [
      0.190101,
      "e"
    ],
    [
      0.001025,
      "\u001b[?25l\u001b[?12l\u001b[?25h"
    ],
    [
      0.066616,
      "t"
    ],
    [
      0.001015,
      "\u001b[?25l\u001b[?12l\u001b[?25h"
    ],
    [
      0.157361,
      "\u001b[?25l \u001b[?12l\u001b[?25h"
    ],
    [
      0.257585,
      "r"
    ],
    [
      0.001072,
      "\u001b[?25l\u001b[?12l\u001b[?25h"
    ],
    [
      0.077747,
      "e"
    ],
    [
      0.001011,
      "\u001b[?25l\u001b[?12l\u001b[?25h"
    ],
    [
      0.505207,
      "l"
    ],
    [
      0.001023,
      "\u001b[?25l\u001b[?12l\u001b[?25h"
    ],
    [
      0.235185,
      "a"
    ],
    [
      0.001017,
      "\u001b[?25l\u001b[?12l\u001b[?25h"
    ],
    [
      0.224199,
      "t"
    ],
    [
      0.001018,
      "\u001b[?25l\u001b[?12l\u001b[?25h"
    ],
    [
      0.190192,
      "i"
    ],
    [
      0.001019,
      "\u001b[?25l\u001b[?12l\u001b[?25h"
    ],
    [
      0.201481,
      "v"
    ],
    [
      0.000998,
      "\u001b[?25l\u001b[?12l\u001b[?25h"
    ],
    [
      0.077735,
      "e"
    ],
    [
      0.001017,
      "\u001b[?25l\u001b[?12l\u001b[?25h"
    ],
    [
      0.741489,
      "n"
    ],
    [
      0.000994,
      "\u001b[?25l\u001b[?12l\u001b[?25h"
    ],
    [
      0.190256,
      "u"
    ],
    [
      0.001013,
      "\u001b[?25l\u001b[?12l\u001b[?25h"
    ],
    [
      0.257805,
      "m"
    ],
    [
      0.00102,
      "\u001b[?25l\u001b[?12l\u001b[?25h"
    ],
    [
      0.201568,
      "b"
    ],
    [
      0.001032,
      "\u001b[?25l\u001b[?12l\u001b[?25h"
    ],
    [
      0.133814,
      "e"
    ],
    [
      0.001019,
      "\u001b[?25l\u001b[?12l\u001b[?25h"
    ],
    [
      0.10027,
      "r"
    ],
    [
      0.001019,
      "\u001b[?25l\u001b[?12l\u001b[?25h"
    ],
    [
      0.471339,
      "\r"
    ],
    [
      0.015201,
      "\u001b[?25l\u001b[1;1H\u001b[93m1   \u001b[m\u001b[38;5;253m\u001b[2;3H\u001b[97m\u001b[48;5;232m1\r\n  2\r\n  3\r\n  4\r\n  5\r\n  6\r\n  7\r\n  8\r\n  9\r\n 10\r\n 11\r\n 12\r\n 13\r\n 14\r\n 15\r\n 16\u001b[1;5H\u001b[?12l\u001b[?25h"
    ],
    [
      0.720241,
